"Id","ActivityDate","TotalMinutesAsleep","TotalMinutesInBed","MinutesToSleep","ActiveMinutes"
1503960366,"2016-04-12","327","346","19",1094
1503960366,"2016-04-13","384","407","23",1033
1503960366,"2016-04-14",NO DATA,NO DATA,No DATA,1440
1503960366,"2016-04-15","412","442","30",998
1503960366,"2016-04-16","340","367","27",1040
1503960366,"2016-04-17","700","712","12",761
1503960366,"2016-04-18",NO DATA,NO DATA,No DATA,1440
1503960366,"2016-04-19","304","320","16",1120
1503960366,"2016-04-20","360","377","17",1063
1503960366,"2016-04-21","325","364","39",1076
1503960366,"2016-04-22",NO DATA,NO DATA,No DATA,1440
1503960366,"2016-04-23","361","384","23",1056
1503960366,"2016-04-24","430","449","19",991
1503960366,"2016-04-25","277","323","46",1117
1503960366,"2016-04-26","245","274","29",1166
1503960366,"2016-04-27",NO DATA,NO DATA,No DATA,1440
1503960366,"2016-04-28","366","393","27",1047
1503960366,"2016-04-29","341","354","13",1086
1503960366,"2016-04-30","404","425","21",1015
1503960366,"2016-05-01","369","396","27",1044
1503960366,"2016-05-02","277","309","32",1131
1503960366,"2016-05-03","273","296","23",1144
1503960366,"2016-05-04",NO DATA,NO DATA,No DATA,1440
1503960366,"2016-05-05","247","264","17",1176
1503960366,"2016-05-06","334","367","33",1073
1503960366,"2016-05-07","331","349","18",1091
1503960366,"2016-05-08","594","611","17",829
1503960366,"2016-05-09","338","342","4",1098
1503960366,"2016-05-10","383","403","20",1037
1503960366,"2016-05-11","285","306","21",979
1503960366,"2016-05-12",NO DATA,NO DATA,No DATA,1440
1624580081,"2016-04-12",NO DATA,NO DATA,No DATA,1440
1624580081,"2016-04-13",NO DATA,NO DATA,No DATA,1440
1624580081,"2016-04-14",NO DATA,NO DATA,No DATA,1440
1624580081,"2016-04-15",NO DATA,NO DATA,No DATA,1440
1624580081,"2016-04-16",NO DATA,NO DATA,No DATA,1440
1624580081,"2016-04-17",NO DATA,NO DATA,No DATA,1440
1624580081,"2016-04-18",NO DATA,NO DATA,No DATA,1440
1624580081,"2016-04-19",NO DATA,NO DATA,No DATA,1440
1624580081,"2016-04-20",NO DATA,NO DATA,No DATA,1440
1624580081,"2016-04-21",NO DATA,NO DATA,No DATA,1440
1624580081,"2016-04-22",NO DATA,NO DATA,No DATA,1440
1624580081,"2016-04-23",NO DATA,NO DATA,No DATA,1440
1624580081,"2016-04-24",NO DATA,NO DATA,No DATA,1440
1624580081,"2016-04-25",NO DATA,NO DATA,No DATA,1440
1624580081,"2016-04-26",NO DATA,NO DATA,No DATA,1440
1624580081,"2016-04-27",NO DATA,NO DATA,No DATA,1440
1624580081,"2016-04-28",NO DATA,NO DATA,No DATA,1440
1624580081,"2016-04-29",NO DATA,NO DATA,No DATA,1440
1624580081,"2016-04-30",NO DATA,NO DATA,No DATA,1440
1624580081,"2016-05-01",NO DATA,NO DATA,No DATA,1440
1624580081,"2016-05-02",NO DATA,NO DATA,No DATA,1440
1624580081,"2016-05-03",NO DATA,NO DATA,No DATA,1440
1624580081,"2016-05-04",NO DATA,NO DATA,No DATA,1440
1624580081,"2016-05-05",NO DATA,NO DATA,No DATA,1440
1624580081,"2016-05-06",NO DATA,NO DATA,No DATA,1440
1624580081,"2016-05-07",NO DATA,NO DATA,No DATA,1440
1624580081,"2016-05-08",NO DATA,NO DATA,No DATA,1440
1624580081,"2016-05-09",NO DATA,NO DATA,No DATA,1440
1624580081,"2016-05-10",NO DATA,NO DATA,No DATA,1440
1624580081,"2016-05-11",NO DATA,NO DATA,No DATA,1440
1624580081,"2016-05-12",NO DATA,NO DATA,No DATA,997
1644430081,"2016-04-12",NO DATA,NO DATA,No DATA,1440
1644430081,"2016-04-13",NO DATA,NO DATA,No DATA,1440
1644430081,"2016-04-14",NO DATA,NO DATA,No DATA,1440
1644430081,"2016-04-15",NO DATA,NO DATA,No DATA,1440
1644430081,"2016-04-16",NO DATA,NO DATA,No DATA,1440
1644430081,"2016-04-17",NO DATA,NO DATA,No DATA,1440
1644430081,"2016-04-18",NO DATA,NO DATA,No DATA,1440
1644430081,"2016-04-19",NO DATA,NO DATA,No DATA,1440
1644430081,"2016-04-20",NO DATA,NO DATA,No DATA,1440
1644430081,"2016-04-21",NO DATA,NO DATA,No DATA,1440
1644430081,"2016-04-22",NO DATA,NO DATA,No DATA,1440
1644430081,"2016-04-23",NO DATA,NO DATA,No DATA,1440
1644430081,"2016-04-24",NO DATA,NO DATA,No DATA,1440
1644430081,"2016-04-25",NO DATA,NO DATA,No DATA,1440
1644430081,"2016-04-26",NO DATA,NO DATA,No DATA,1440
1644430081,"2016-04-27",NO DATA,NO DATA,No DATA,1440
1644430081,"2016-04-28",NO DATA,NO DATA,No DATA,1440
1644430081,"2016-04-29","119","127","8",1313
1644430081,"2016-04-30","124","142","18",1298
1644430081,"2016-05-01",NO DATA,NO DATA,No DATA,1081
1644430081,"2016-05-02","796","961","165",838
1644430081,"2016-05-03",NO DATA,NO DATA,No DATA,1440
1644430081,"2016-05-04",NO DATA,NO DATA,No DATA,1440
1644430081,"2016-05-05",NO DATA,NO DATA,No DATA,1440
1644430081,"2016-05-06",NO DATA,NO DATA,No DATA,1440
1644430081,"2016-05-07",NO DATA,NO DATA,No DATA,1440
1644430081,"2016-05-08","137","154","17",1286
1644430081,"2016-05-09",NO DATA,NO DATA,No DATA,1440
1644430081,"2016-05-10",NO DATA,NO DATA,No DATA,1440
1644430081,"2016-05-11",NO DATA,NO DATA,No DATA,762
1844505072,"2016-04-12",NO DATA,NO DATA,No DATA,1440
1844505072,"2016-04-13",NO DATA,NO DATA,No DATA,1440
1844505072,"2016-04-14",NO DATA,NO DATA,No DATA,1216
1844505072,"2016-04-15","644","961","317",703
1844505072,"2016-04-16",NO DATA,NO DATA,No DATA,1440
1844505072,"2016-04-17",NO DATA,NO DATA,No DATA,1440
1844505072,"2016-04-18",NO DATA,NO DATA,No DATA,1440
1844505072,"2016-04-19",NO DATA,NO DATA,No DATA,1440
1844505072,"2016-04-20",NO DATA,NO DATA,No DATA,1440
1844505072,"2016-04-21",NO DATA,NO DATA,No DATA,1440
1844505072,"2016-04-22",NO DATA,NO DATA,No DATA,1440
1844505072,"2016-04-23",NO DATA,NO DATA,No DATA,1440
1844505072,"2016-04-24",NO DATA,NO DATA,No DATA,1440
1844505072,"2016-04-25",NO DATA,NO DATA,No DATA,1440
1844505072,"2016-04-26",NO DATA,NO DATA,No DATA,1440
1844505072,"2016-04-27",NO DATA,NO DATA,No DATA,1440
1844505072,"2016-04-28",NO DATA,NO DATA,No DATA,1440
1844505072,"2016-04-29",NO DATA,NO DATA,No DATA,1329
1844505072,"2016-04-30","722","961","239",402
1844505072,"2016-05-01","590","961","371",667
1844505072,"2016-05-02",NO DATA,NO DATA,No DATA,1440
1844505072,"2016-05-03",NO DATA,NO DATA,No DATA,1440
1844505072,"2016-05-04",NO DATA,NO DATA,No DATA,1440
1844505072,"2016-05-05",NO DATA,NO DATA,No DATA,1440
1844505072,"2016-05-06",NO DATA,NO DATA,No DATA,1440
1844505072,"2016-05-07",NO DATA,NO DATA,No DATA,1440
1844505072,"2016-05-08",NO DATA,NO DATA,No DATA,1440
1844505072,"2016-05-09",NO DATA,NO DATA,No DATA,1440
1844505072,"2016-05-10",NO DATA,NO DATA,No DATA,1440
1844505072,"2016-05-11",NO DATA,NO DATA,No DATA,1440
1844505072,"2016-05-12",NO DATA,NO DATA,No DATA,711
1927972279,"2016-04-12","750","775","25",789
1927972279,"2016-04-13","398","422","24",1018
1927972279,"2016-04-14",NO DATA,NO DATA,No DATA,1389
1927972279,"2016-04-15","475","499","24",992
1927972279,"2016-04-16",NO DATA,NO DATA,No DATA,1440
1927972279,"2016-04-17",NO DATA,NO DATA,No DATA,1440
1927972279,"2016-04-18",NO DATA,NO DATA,No DATA,1440
1927972279,"2016-04-19",NO DATA,NO DATA,No DATA,1440
1927972279,"2016-04-20",NO DATA,NO DATA,No DATA,1440
1927972279,"2016-04-21",NO DATA,NO DATA,No DATA,1440
1927972279,"2016-04-22",NO DATA,NO DATA,No DATA,1440
1927972279,"2016-04-23",NO DATA,NO DATA,No DATA,1440
1927972279,"2016-04-24",NO DATA,NO DATA,No DATA,1440
1927972279,"2016-04-25",NO DATA,NO DATA,No DATA,1315
1927972279,"2016-04-26","296","315","19",1250
1927972279,"2016-04-27",NO DATA,NO DATA,No DATA,1440
1927972279,"2016-04-28","166","178","12",1262
1927972279,"2016-04-29",NO DATA,NO DATA,No DATA,1440
1927972279,"2016-04-30",NO DATA,NO DATA,No DATA,1440
1927972279,"2016-05-01",NO DATA,NO DATA,No DATA,1440
1927972279,"2016-05-02",NO DATA,NO DATA,No DATA,1440
1927972279,"2016-05-03",NO DATA,NO DATA,No DATA,1440
1927972279,"2016-05-04",NO DATA,NO DATA,No DATA,1440
1927972279,"2016-05-05",NO DATA,NO DATA,No DATA,1440
1927972279,"2016-05-06",NO DATA,NO DATA,No DATA,1440
1927972279,"2016-05-07",NO DATA,NO DATA,No DATA,1440
1927972279,"2016-05-08",NO DATA,NO DATA,No DATA,1440
1927972279,"2016-05-09",NO DATA,NO DATA,No DATA,1440
1927972279,"2016-05-10",NO DATA,NO DATA,No DATA,1440
1927972279,"2016-05-11",NO DATA,NO DATA,No DATA,1440
1927972279,"2016-05-12",NO DATA,NO DATA,No DATA,966
2022484408,"2016-04-12",NO DATA,NO DATA,No DATA,1440
2022484408,"2016-04-13",NO DATA,NO DATA,No DATA,1440
2022484408,"2016-04-14",NO DATA,NO DATA,No DATA,1440
2022484408,"2016-04-15",NO DATA,NO DATA,No DATA,1440
2022484408,"2016-04-16",NO DATA,NO DATA,No DATA,1440
2022484408,"2016-04-17",NO DATA,NO DATA,No DATA,1440
2022484408,"2016-04-18",NO DATA,NO DATA,No DATA,1440
2022484408,"2016-04-19",NO DATA,NO DATA,No DATA,1440
2022484408,"2016-04-20",NO DATA,NO DATA,No DATA,1440
2022484408,"2016-04-21",NO DATA,NO DATA,No DATA,1440
2022484408,"2016-04-22",NO DATA,NO DATA,No DATA,1440
2022484408,"2016-04-23",NO DATA,NO DATA,No DATA,1440
2022484408,"2016-04-24",NO DATA,NO DATA,No DATA,1440
2022484408,"2016-04-25",NO DATA,NO DATA,No DATA,1440
2022484408,"2016-04-26",NO DATA,NO DATA,No DATA,1440
2022484408,"2016-04-27",NO DATA,NO DATA,No DATA,1440
2022484408,"2016-04-28",NO DATA,NO DATA,No DATA,1440
2022484408,"2016-04-29",NO DATA,NO DATA,No DATA,1440
2022484408,"2016-04-30",NO DATA,NO DATA,No DATA,1440
2022484408,"2016-05-01",NO DATA,NO DATA,No DATA,1440
2022484408,"2016-05-02",NO DATA,NO DATA,No DATA,1440
2022484408,"2016-05-03",NO DATA,NO DATA,No DATA,1440
2022484408,"2016-05-04",NO DATA,NO DATA,No DATA,1440
2022484408,"2016-05-05",NO DATA,NO DATA,No DATA,1440
2022484408,"2016-05-06",NO DATA,NO DATA,No DATA,1440
2022484408,"2016-05-07",NO DATA,NO DATA,No DATA,1440
2022484408,"2016-05-08",NO DATA,NO DATA,No DATA,1440
2022484408,"2016-05-09",NO DATA,NO DATA,No DATA,1440
2022484408,"2016-05-10",NO DATA,NO DATA,No DATA,1440
2022484408,"2016-05-11",NO DATA,NO DATA,No DATA,1440
2022484408,"2016-05-12",NO DATA,NO DATA,No DATA,996
2026352035,"2016-04-12","503","546","43",898
2026352035,"2016-04-13","531","565","34",901
2026352035,"2016-04-14","545","568","23",850
2026352035,"2016-04-15","523","573","50",875
2026352035,"2016-04-16","524","567","43",878
2026352035,"2016-04-17","437","498","61",1113
2026352035,"2016-04-18",NO DATA,NO DATA,No DATA,1244
2026352035,"2016-04-19","498","540","42",926
2026352035,"2016-04-20","461","510","49",950
2026352035,"2016-04-21","477","514","37",902
2026352035,"2016-04-22","520","545","25",874
2026352035,"2016-04-23","522","554","32",890
2026352035,"2016-04-24","555","591","36",868
2026352035,"2016-04-25","506","531","25",1081
2026352035,"2016-04-26",NO DATA,NO DATA,No DATA,1306
2026352035,"2016-04-27","508","545","37",872
2026352035,"2016-04-28","513","545","32",957
2026352035,"2016-04-29","490","510","20",844
2026352035,"2016-04-30","573","607","34",827
2026352035,"2016-05-01","527","546","19",907
2026352035,"2016-05-02","511","543","32",1071
2026352035,"2016-05-03",NO DATA,NO DATA,No DATA,1285
2026352035,"2016-05-04","538","560","22",875
2026352035,"2016-05-05","468","485","17",954
2026352035,"2016-05-06","524","548","24",894
2026352035,"2016-05-07","511","521","10",894
2026352035,"2016-05-08","541","568","27",868
2026352035,"2016-05-09","531","556","25",944
2026352035,"2016-05-10","357","380","23",1019
2026352035,"2016-05-11","523","553","30",899
2026352035,"2016-05-12","456","485","29",673
2320127002,"2016-04-12",NO DATA,NO DATA,No DATA,1440
2320127002,"2016-04-13",NO DATA,NO DATA,No DATA,1440
2320127002,"2016-04-14",NO DATA,NO DATA,No DATA,1440
2320127002,"2016-04-15",NO DATA,NO DATA,No DATA,1440
2320127002,"2016-04-16",NO DATA,NO DATA,No DATA,1440
2320127002,"2016-04-17",NO DATA,NO DATA,No DATA,1440
2320127002,"2016-04-18",NO DATA,NO DATA,No DATA,1440
2320127002,"2016-04-19",NO DATA,NO DATA,No DATA,1440
2320127002,"2016-04-20",NO DATA,NO DATA,No DATA,1440
2320127002,"2016-04-21",NO DATA,NO DATA,No DATA,1440
2320127002,"2016-04-22",NO DATA,NO DATA,No DATA,1440
2320127002,"2016-04-23","61","69","8",1371
2320127002,"2016-04-24",NO DATA,NO DATA,No DATA,1440
2320127002,"2016-04-25",NO DATA,NO DATA,No DATA,1440
2320127002,"2016-04-26",NO DATA,NO DATA,No DATA,1440
2320127002,"2016-04-27",NO DATA,NO DATA,No DATA,1440
2320127002,"2016-04-28",NO DATA,NO DATA,No DATA,1440
2320127002,"2016-04-29",NO DATA,NO DATA,No DATA,1440
2320127002,"2016-04-30",NO DATA,NO DATA,No DATA,1440
2320127002,"2016-05-01",NO DATA,NO DATA,No DATA,1440
2320127002,"2016-05-02",NO DATA,NO DATA,No DATA,1440
2320127002,"2016-05-03",NO DATA,NO DATA,No DATA,1440
2320127002,"2016-05-04",NO DATA,NO DATA,No DATA,1440
2320127002,"2016-05-05",NO DATA,NO DATA,No DATA,1440
2320127002,"2016-05-06",NO DATA,NO DATA,No DATA,1440
2320127002,"2016-05-07",NO DATA,NO DATA,No DATA,1440
2320127002,"2016-05-08",NO DATA,NO DATA,No DATA,1440
2320127002,"2016-05-09",NO DATA,NO DATA,No DATA,1440
2320127002,"2016-05-10",NO DATA,NO DATA,No DATA,1440
2320127002,"2016-05-11",NO DATA,NO DATA,No DATA,1440
2320127002,"2016-05-12",NO DATA,NO DATA,No DATA,958
2347167796,"2016-04-12",NO DATA,NO DATA,No DATA,1325
2347167796,"2016-04-13","467","531","64",922
2347167796,"2016-04-14","445","489","44",960
2347167796,"2016-04-15","452","504","52",1029
2347167796,"2016-04-16",NO DATA,NO DATA,No DATA,1374
2347167796,"2016-04-17","556","602","46",765
2347167796,"2016-04-18","500","557","57",911
2347167796,"2016-04-19","465","514","49",1037
2347167796,"2016-04-20",NO DATA,NO DATA,No DATA,1334
2347167796,"2016-04-21","460","484","24",1018
2347167796,"2016-04-22","405","461","56",1023
2347167796,"2016-04-23","374","386","12",1018
2347167796,"2016-04-24","442","459","17",944
2347167796,"2016-04-25","433","471","38",956
2347167796,"2016-04-26","436","490","54",959
2347167796,"2016-04-27","448","499","51",953
2347167796,"2016-04-28","408","450","42",993
2347167796,"2016-04-29","411","473","62",6
2873212765,"2016-04-12",NO DATA,NO DATA,No DATA,1440
2873212765,"2016-04-13",NO DATA,NO DATA,No DATA,1440
2873212765,"2016-04-14",NO DATA,NO DATA,No DATA,1440
2873212765,"2016-04-15",NO DATA,NO DATA,No DATA,1440
2873212765,"2016-04-16",NO DATA,NO DATA,No DATA,1440
2873212765,"2016-04-17",NO DATA,NO DATA,No DATA,1440
2873212765,"2016-04-18",NO DATA,NO DATA,No DATA,1440
2873212765,"2016-04-19",NO DATA,NO DATA,No DATA,1440
2873212765,"2016-04-20",NO DATA,NO DATA,No DATA,1440
2873212765,"2016-04-21",NO DATA,NO DATA,No DATA,1440
2873212765,"2016-04-22",NO DATA,NO DATA,No DATA,1440
2873212765,"2016-04-23",NO DATA,NO DATA,No DATA,1440
2873212765,"2016-04-24",NO DATA,NO DATA,No DATA,1440
2873212765,"2016-04-25",NO DATA,NO DATA,No DATA,1440
2873212765,"2016-04-26",NO DATA,NO DATA,No DATA,1440
2873212765,"2016-04-27",NO DATA,NO DATA,No DATA,1440
2873212765,"2016-04-28",NO DATA,NO DATA,No DATA,1440
2873212765,"2016-04-29",NO DATA,NO DATA,No DATA,1440
2873212765,"2016-04-30",NO DATA,NO DATA,No DATA,1440
2873212765,"2016-05-01",NO DATA,NO DATA,No DATA,1440
2873212765,"2016-05-02",NO DATA,NO DATA,No DATA,1440
2873212765,"2016-05-03",NO DATA,NO DATA,No DATA,1440
2873212765,"2016-05-04",NO DATA,NO DATA,No DATA,1440
2873212765,"2016-05-05",NO DATA,NO DATA,No DATA,1440
2873212765,"2016-05-06",NO DATA,NO DATA,No DATA,1440
2873212765,"2016-05-07",NO DATA,NO DATA,No DATA,1440
2873212765,"2016-05-08",NO DATA,NO DATA,No DATA,1440
2873212765,"2016-05-09",NO DATA,NO DATA,No DATA,1440
2873212765,"2016-05-10",NO DATA,NO DATA,No DATA,1440
2873212765,"2016-05-11",NO DATA,NO DATA,No DATA,1440
2873212765,"2016-05-12",NO DATA,NO DATA,No DATA,988
3372868164,"2016-04-12",NO DATA,NO DATA,No DATA,1440
3372868164,"2016-04-13",NO DATA,NO DATA,No DATA,1440
3372868164,"2016-04-14",NO DATA,NO DATA,No DATA,1440
3372868164,"2016-04-15",NO DATA,NO DATA,No DATA,1440
3372868164,"2016-04-16",NO DATA,NO DATA,No DATA,1440
3372868164,"2016-04-17",NO DATA,NO DATA,No DATA,1440
3372868164,"2016-04-18",NO DATA,NO DATA,No DATA,1440
3372868164,"2016-04-19",NO DATA,NO DATA,No DATA,1440
3372868164,"2016-04-20",NO DATA,NO DATA,No DATA,1440
3372868164,"2016-04-21",NO DATA,NO DATA,No DATA,1440
3372868164,"2016-04-22",NO DATA,NO DATA,No DATA,1440
3372868164,"2016-04-23",NO DATA,NO DATA,No DATA,1440
3372868164,"2016-04-24",NO DATA,NO DATA,No DATA,1440
3372868164,"2016-04-25",NO DATA,NO DATA,No DATA,1440
3372868164,"2016-04-26",NO DATA,NO DATA,No DATA,1440
3372868164,"2016-04-27",NO DATA,NO DATA,No DATA,1440
3372868164,"2016-04-28",NO DATA,NO DATA,No DATA,1440
3372868164,"2016-04-29",NO DATA,NO DATA,No DATA,1440
3372868164,"2016-04-30",NO DATA,NO DATA,No DATA,1440
3372868164,"2016-05-01",NO DATA,NO DATA,No DATA,1014
3977333714,"2016-04-12","274","469","195",971
3977333714,"2016-04-13","295","456","161",984
3977333714,"2016-04-14","291","397","106",1043
3977333714,"2016-04-15","424","556","132",884
3977333714,"2016-04-16","283","510","227",930
3977333714,"2016-04-17","381","566","185",874
3977333714,"2016-04-18","412","522","110",918
3977333714,"2016-04-19","219","395","176",1045
3977333714,"2016-04-20","152","305","153",1109
3977333714,"2016-04-21","332","512","180",954
3977333714,"2016-04-22","355","476","121",964
3977333714,"2016-04-23","235","372","137",1068
3977333714,"2016-04-24","310","526","216",914
3977333714,"2016-04-25","262","467","205",973
3977333714,"2016-04-26","250","371","121",1069
3977333714,"2016-04-27","349","540","191",900
3977333714,"2016-04-28","261","423","162",1017
3977333714,"2016-04-29","333","478","145",962
3977333714,"2016-04-30","237","382","145",976
3977333714,"2016-05-01","383","626","243",896
3977333714,"2016-05-02","230","384","154",1056
3977333714,"2016-05-03","292","500","208",940
3977333714,"2016-05-04","213","336","123",1104
3977333714,"2016-05-05","318","480","162",960
3977333714,"2016-05-06","323","512","189",928
3977333714,"2016-05-07","237","443","206",997
3977333714,"2016-05-08","259","456","197",984
3977333714,"2016-05-09",NO DATA,NO DATA,No DATA,1440
3977333714,"2016-05-10","312","452","140",988
3977333714,"2016-05-11",NO DATA,NO DATA,No DATA,26
4020332650,"2016-04-12","501","541","40",1062
4020332650,"2016-04-13",NO DATA,NO DATA,No DATA,1440
4020332650,"2016-04-14",NO DATA,NO DATA,No DATA,1440
4020332650,"2016-04-15",NO DATA,NO DATA,No DATA,1440
4020332650,"2016-04-16","77","77","0",1363
4020332650,"2016-04-17",NO DATA,NO DATA,No DATA,1440
4020332650,"2016-04-18",NO DATA,NO DATA,No DATA,1440
4020332650,"2016-04-19",NO DATA,NO DATA,No DATA,1440
4020332650,"2016-04-20",NO DATA,NO DATA,No DATA,1440
4020332650,"2016-04-21",NO DATA,NO DATA,No DATA,1440
4020332650,"2016-04-22",NO DATA,NO DATA,No DATA,1440
4020332650,"2016-04-23",NO DATA,NO DATA,No DATA,1440
4020332650,"2016-04-24",NO DATA,NO DATA,No DATA,1440
4020332650,"2016-04-25",NO DATA,NO DATA,No DATA,1440
4020332650,"2016-04-26",NO DATA,NO DATA,No DATA,1440
4020332650,"2016-04-27",NO DATA,NO DATA,No DATA,1440
4020332650,"2016-04-28",NO DATA,NO DATA,No DATA,1440
4020332650,"2016-04-29",NO DATA,NO DATA,No DATA,1440
4020332650,"2016-04-30",NO DATA,NO DATA,No DATA,1440
4020332650,"2016-05-01",NO DATA,NO DATA,No DATA,1440
4020332650,"2016-05-02",NO DATA,NO DATA,No DATA,1392
4020332650,"2016-05-03","322","332","10",1124
4020332650,"2016-05-04","478","536","58",936
4020332650,"2016-05-05","226","248","22",1192
4020332650,"2016-05-06","385","408","23",1032
4020332650,"2016-05-07",NO DATA,NO DATA,No DATA,1440
4020332650,"2016-05-08","364","402","38",1038
4020332650,"2016-05-09",NO DATA,NO DATA,No DATA,1406
4020332650,"2016-05-10","442","494","52",980
4020332650,"2016-05-11",NO DATA,NO DATA,No DATA,1440
4020332650,"2016-05-12",NO DATA,NO DATA,No DATA,742
4057192912,"2016-04-12",NO DATA,NO DATA,No DATA,1440
4057192912,"2016-04-13",NO DATA,NO DATA,No DATA,1440
4057192912,"2016-04-14",NO DATA,NO DATA,No DATA,1440
4057192912,"2016-04-15",NO DATA,NO DATA,No DATA,970
4319703577,"2016-04-12",NO DATA,NO DATA,No DATA,1440
4319703577,"2016-04-13",NO DATA,NO DATA,No DATA,1353
4319703577,"2016-04-14","535","557","22",938
4319703577,"2016-04-15","465","491","26",980
4319703577,"2016-04-16","506","522","16",918
4319703577,"2016-04-17",NO DATA,NO DATA,No DATA,1366
4319703577,"2016-04-18","515","551","36",892
4319703577,"2016-04-19","461","498","37",915
4319703577,"2016-04-20","523","543","20",995
4319703577,"2016-04-21","59","65","6",1299
4319703577,"2016-04-22","533","550","17",905
4319703577,"2016-04-23","692","722","30",779
4319703577,"2016-04-24","467","501","34",889
4319703577,"2016-04-25","488","506","18",942
4319703577,"2016-04-26","505","516","11",966
4319703577,"2016-04-27","286","307","21",1033
4319703577,"2016-04-28","497","522","25",932
4319703577,"2016-04-29","523","546","23",937
4319703577,"2016-04-30","490","516","26",935
4319703577,"2016-05-01","484","500","16",903
4319703577,"2016-05-02","478","506","28",940
4319703577,"2016-05-03","474","512","38",990
4319703577,"2016-05-04",NO DATA,NO DATA,No DATA,1440
4319703577,"2016-05-05",NO DATA,NO DATA,No DATA,1346
4319703577,"2016-05-06","450","491","41",1023
4319703577,"2016-05-07","507","530","23",896
4319703577,"2016-05-08","602","638","36",756
4319703577,"2016-05-09","535","565","30",880
4319703577,"2016-05-10","487","517","30",899
4319703577,"2016-05-11","529","558","29",906
4319703577,"2016-05-12","302","321","19",2
4388161847,"2016-04-12",NO DATA,NO DATA,No DATA,1440
4388161847,"2016-04-13",NO DATA,NO DATA,No DATA,1440
4388161847,"2016-04-14",NO DATA,NO DATA,No DATA,1209
4388161847,"2016-04-15","499","526","27",1136
4388161847,"2016-04-16","426","448","22",877
4388161847,"2016-04-17","619","641","22",922
4388161847,"2016-04-18","99","104","5",1291
4388161847,"2016-04-19","329","338","9",989
4388161847,"2016-04-20","421","451","30",985
4388161847,"2016-04-21","442","458","16",1144
4388161847,"2016-04-22","82","85","3",1267
4388161847,"2016-04-23","478","501","23",1027
4388161847,"2016-04-24","552","595","43",845
4388161847,"2016-04-25",NO DATA,NO DATA,No DATA,1397
4388161847,"2016-04-26","319","346","27",934
4388161847,"2016-04-27","439","500","61",984
4388161847,"2016-04-28","428","458","30",1140
4388161847,"2016-04-29",NO DATA,NO DATA,No DATA,1440
4388161847,"2016-04-30","409","430","21",894
4388161847,"2016-05-01","547","597","50",847
4388161847,"2016-05-02","368","376","8",1176
4388161847,"2016-05-03",NO DATA,NO DATA,No DATA,1326
4388161847,"2016-05-04","390","414","24",939
4388161847,"2016-05-05","471","495","24",1146
4388161847,"2016-05-05","471","495","24",1146
4388161847,"2016-05-06",NO DATA,NO DATA,No DATA,1440
4388161847,"2016-05-07","472","496","24",944
4388161847,"2016-05-08","529","541","12",899
4388161847,"2016-05-09","62","65","3",1303
4388161847,"2016-05-10","354","375","21",942
4388161847,"2016-05-11","469","494","25",1140
4388161847,"2016-05-12",NO DATA,NO DATA,No DATA,933
4445114986,"2016-04-12","429","457","28",983
4445114986,"2016-04-13","370","406","36",1034
4445114986,"2016-04-14","441","492","51",948
4445114986,"2016-04-15","337","379","42",1061
4445114986,"2016-04-16","462","499","37",941
4445114986,"2016-04-17","98","107","9",1333
4445114986,"2016-04-18",NO DATA,NO DATA,No DATA,1440
4445114986,"2016-04-19","388","424","36",1016
4445114986,"2016-04-20","439","462","23",978
4445114986,"2016-04-21","436","469","33",971
4445114986,"2016-04-22","388","417","29",1023
4445114986,"2016-04-23",NO DATA,NO DATA,No DATA,1440
4445114986,"2016-04-24",NO DATA,NO DATA,No DATA,1440
4445114986,"2016-04-25","328","345","17",1095
4445114986,"2016-04-26","353","391","38",1049
4445114986,"2016-04-27","332","374","42",1066
4445114986,"2016-04-28","419","442","23",998
4445114986,"2016-04-29","106","108","2",1332
4445114986,"2016-04-30","322","353","31",1087
4445114986,"2016-05-01","439","459","20",981
4445114986,"2016-05-02","502","542","40",898
4445114986,"2016-05-03","417","450","33",990
4445114986,"2016-05-04","337","363","26",1077
4445114986,"2016-05-05","462","513","51",927
4445114986,"2016-05-06","374","402","28",1038
4445114986,"2016-05-07","401","436","35",1004
4445114986,"2016-05-08","361","391","30",1049
4445114986,"2016-05-09","457","533","76",907
4445114986,"2016-05-10","405","426","21",1014
4445114986,"2016-05-11","499","530","31",910
4445114986,"2016-05-12","483","501","18",438
4558609924,"2016-04-12",NO DATA,NO DATA,No DATA,1440
4558609924,"2016-04-13",NO DATA,NO DATA,No DATA,1440
4558609924,"2016-04-14",NO DATA,NO DATA,No DATA,1440
4558609924,"2016-04-15",NO DATA,NO DATA,No DATA,1440
4558609924,"2016-04-16",NO DATA,NO DATA,No DATA,1440
4558609924,"2016-04-17",NO DATA,NO DATA,No DATA,1440
4558609924,"2016-04-18",NO DATA,NO DATA,No DATA,1440
4558609924,"2016-04-19",NO DATA,NO DATA,No DATA,1440
4558609924,"2016-04-20",NO DATA,NO DATA,No DATA,1440
4558609924,"2016-04-21","126","137","11",1303
4558609924,"2016-04-22",NO DATA,NO DATA,No DATA,1440
4558609924,"2016-04-23",NO DATA,NO DATA,No DATA,1440
4558609924,"2016-04-24",NO DATA,NO DATA,No DATA,1440
4558609924,"2016-04-25",NO DATA,NO DATA,No DATA,1361
4558609924,"2016-04-26","103","121","18",1398
4558609924,"2016-04-27",NO DATA,NO DATA,No DATA,1440
4558609924,"2016-04-28",NO DATA,NO DATA,No DATA,1364
4558609924,"2016-04-29","171","179","8",1337
4558609924,"2016-04-30",NO DATA,NO DATA,No DATA,1440
4558609924,"2016-05-01","115","129","14",1311
4558609924,"2016-05-02",NO DATA,NO DATA,No DATA,1440
4558609924,"2016-05-03",NO DATA,NO DATA,No DATA,1440
4558609924,"2016-05-04",NO DATA,NO DATA,No DATA,1440
4558609924,"2016-05-05",NO DATA,NO DATA,No DATA,1440
4558609924,"2016-05-06",NO DATA,NO DATA,No DATA,1440
4558609924,"2016-05-07",NO DATA,NO DATA,No DATA,1388
4558609924,"2016-05-08","123","134","11",1358
4558609924,"2016-05-09",NO DATA,NO DATA,No DATA,1440
4558609924,"2016-05-10",NO DATA,NO DATA,No DATA,1440
4558609924,"2016-05-11",NO DATA,NO DATA,No DATA,1440
4558609924,"2016-05-12",NO DATA,NO DATA,No DATA,983
4702921684,"2016-04-12","425","439","14",981
4702921684,"2016-04-13","400","430","30",1035
4702921684,"2016-04-14","384","415","31",1043
4702921684,"2016-04-15","253","257","4",1209
4702921684,"2016-04-16","382","406","24",918
4702921684,"2016-04-17","591","612","21",817
4702921684,"2016-04-18","293","312","19",1133
4702921684,"2016-04-19","457","487","30",954
4702921684,"2016-04-20","454","468","14",1008
4702921684,"2016-04-21","425","434","9",1090
4702921684,"2016-04-22",NO DATA,NO DATA,No DATA,1413
4702921684,"2016-04-23","465","475","10",952
4702921684,"2016-04-24","480","506","26",933
4702921684,"2016-04-25","370","380","10",1021
4702921684,"2016-04-26","421","429","8",990
4702921684,"2016-04-27","432","449","17",988
4702921684,"2016-04-28","442","461","19",993
4702921684,"2016-04-29","433","447","14",990
4702921684,"2016-04-30","479","501","22",1031
4702921684,"2016-05-01",NO DATA,NO DATA,No DATA,1440
4702921684,"2016-05-02",NO DATA,NO DATA,No DATA,1371
4702921684,"2016-05-03","327","373","46",1042
4702921684,"2016-05-04","412","434","22",1027
4702921684,"2016-05-05","414","428","14",999
4702921684,"2016-05-06","404","449","45",906
4702921684,"2016-05-07","520","543","23",1067
4702921684,"2016-05-07","520","543","23",1067
4702921684,"2016-05-08",NO DATA,NO DATA,No DATA,1345
4702921684,"2016-05-09","435","458","23",1011
4702921684,"2016-05-10","416","431","15",1001
4702921684,"2016-05-11","354","366","12",1070
4702921684,"2016-05-12","404","442","38",309
5553957443,"2016-04-12","441","464","23",1076
5553957443,"2016-04-13","455","488","33",873
5553957443,"2016-04-14","357","418","61",1051
5553957443,"2016-04-15","377","409","32",1024
5553957443,"2016-04-16","651","686","35",809
5553957443,"2016-04-17","350","402","52",989
5553957443,"2016-04-18","520","541","21",828
5553957443,"2016-04-19","357","410","53",1102
5553957443,"2016-04-20","658","678","20",746
5553957443,"2016-04-21","399","431","32",1067
5553957443,"2016-04-22","322","353","31",1092
5553957443,"2016-04-23","631","725","94",715
5553957443,"2016-04-24","553","640","87",686
5553957443,"2016-04-25","433","468","35",995
5553957443,"2016-04-26","412","453","41",1046
5553957443,"2016-04-27","347","391","44",983
5553957443,"2016-04-28","421","457","36",954
5553957443,"2016-04-29","450","495","45",1040
5553957443,"2016-04-30","775","843","68",590
5553957443,"2016-05-01","622","686","64",673
5553957443,"2016-05-02","409","471","62",983
5553957443,"2016-05-03","380","429","49",1114
5553957443,"2016-05-04","447","470","23",875
5553957443,"2016-05-05","419","464","45",1006
5553957443,"2016-05-06","400","434","34",1020
5553957443,"2016-05-07","442","470","28",998
5553957443,"2016-05-08","568","608","40",726
5553957443,"2016-05-09","453","494","41",999
5553957443,"2016-05-10","418","443","25",1073
5553957443,"2016-05-11","463","486","23",823
5553957443,"2016-05-12","438","475","37",284
5577150313,"2016-04-12","419","438","19",970
5577150313,"2016-04-13","432","458","26",946
5577150313,"2016-04-14","477","497","20",986
5577150313,"2016-04-15","392","413","21",1063
5577150313,"2016-04-16","406","445","39",870
5577150313,"2016-04-17","549","583","34",921
5577150313,"2016-04-18","527","553","26",899
5577150313,"2016-04-19","449","465","16",975
5577150313,"2016-04-20","447","480","33",989
5577150313,"2016-04-21","414","437","23",1029
5577150313,"2016-04-22","338","366","28",1115
5577150313,"2016-04-23","384","402","18",898
5577150313,"2016-04-24","543","615","72",841
5577150313,"2016-04-25","421","461","40",1056
5577150313,"2016-04-26","354","377","23",1010
5577150313,"2016-04-27","424","452","28",1042
5577150313,"2016-04-28","361","372","11",983
5577150313,"2016-04-29","459","485","26",1037
5577150313,"2016-04-30","412","433","21",1036
5577150313,"2016-05-01","379","398","19",943
5577150313,"2016-05-02","525","553","28",1024
5577150313,"2016-05-03","508","543","35",897
5577150313,"2016-05-04","603","634","31",806
5577150313,"2016-05-05","74","78","4",1362
5577150313,"2016-05-06",NO DATA,NO DATA,No DATA,1440
5577150313,"2016-05-07",NO DATA,NO DATA,No DATA,1440
5577150313,"2016-05-08",NO DATA,NO DATA,No DATA,1440
5577150313,"2016-05-09",NO DATA,NO DATA,No DATA,1214
5577150313,"2016-05-10","504","562","58",974
5577150313,"2016-05-11","431","476","45",380
6117666160,"2016-04-12",NO DATA,NO DATA,No DATA,1440
6117666160,"2016-04-13",NO DATA,NO DATA,No DATA,1440
6117666160,"2016-04-14",NO DATA,NO DATA,No DATA,1440
6117666160,"2016-04-15",NO DATA,NO DATA,No DATA,1440
6117666160,"2016-04-16","380","398","18",1042
6117666160,"2016-04-17","336","350","14",1014
6117666160,"2016-04-18","493","510","17",1000
6117666160,"2016-04-19","465","492","27",905
6117666160,"2016-04-20","474","502","28",972
6117666160,"2016-04-21","508","550","42",903
6117666160,"2016-04-22","480","546","66",815
6117666160,"2016-04-23","492","539","47",980
6117666160,"2016-04-24","353","367","14",1073
6117666160,"2016-04-25",NO DATA,NO DATA,No DATA,1440
6117666160,"2016-04-26",NO DATA,NO DATA,No DATA,1436
6117666160,"2016-04-27","542","557","15",875
6117666160,"2016-04-28","393","416","23",899
6117666160,"2016-04-29","600","636","36",940
6117666160,"2016-04-30",NO DATA,NO DATA,No DATA,1383
6117666160,"2016-05-01","507","575","68",922
6117666160,"2016-05-02",NO DATA,NO DATA,No DATA,1440
6117666160,"2016-05-03",NO DATA,NO DATA,No DATA,1440
6117666160,"2016-05-04",NO DATA,NO DATA,No DATA,1435
6117666160,"2016-05-05","392","415","23",966
6117666160,"2016-05-06","658","698","40",806
6117666160,"2016-05-07","498","507","9",868
6117666160,"2016-05-08","555","603","48",835
6117666160,"2016-05-09","492","522","30",322
6290855005,"2016-04-12",NO DATA,NO DATA,No DATA,1440
6290855005,"2016-04-13",NO DATA,NO DATA,No DATA,1440
6290855005,"2016-04-14",NO DATA,NO DATA,No DATA,1440
6290855005,"2016-04-15",NO DATA,NO DATA,No DATA,1440
6290855005,"2016-04-16",NO DATA,NO DATA,No DATA,1440
6290855005,"2016-04-17",NO DATA,NO DATA,No DATA,1440
6290855005,"2016-04-18",NO DATA,NO DATA,No DATA,1440
6290855005,"2016-04-19",NO DATA,NO DATA,No DATA,1440
6290855005,"2016-04-20",NO DATA,NO DATA,No DATA,1440
6290855005,"2016-04-21",NO DATA,NO DATA,No DATA,1440
6290855005,"2016-04-22",NO DATA,NO DATA,No DATA,1440
6290855005,"2016-04-23",NO DATA,NO DATA,No DATA,1440
6290855005,"2016-04-24",NO DATA,NO DATA,No DATA,1440
6290855005,"2016-04-25",NO DATA,NO DATA,No DATA,1440
6290855005,"2016-04-26",NO DATA,NO DATA,No DATA,1440
6290855005,"2016-04-27",NO DATA,NO DATA,No DATA,1440
6290855005,"2016-04-28",NO DATA,NO DATA,No DATA,1440
6290855005,"2016-04-29",NO DATA,NO DATA,No DATA,1440
6290855005,"2016-04-30",NO DATA,NO DATA,No DATA,1440
6290855005,"2016-05-01",NO DATA,NO DATA,No DATA,1440
6290855005,"2016-05-02",NO DATA,NO DATA,No DATA,1440
6290855005,"2016-05-03",NO DATA,NO DATA,No DATA,1440
6290855005,"2016-05-04",NO DATA,NO DATA,No DATA,1440
6290855005,"2016-05-05",NO DATA,NO DATA,No DATA,1440
6290855005,"2016-05-06",NO DATA,NO DATA,No DATA,1440
6290855005,"2016-05-07",NO DATA,NO DATA,No DATA,1440
6290855005,"2016-05-08",NO DATA,NO DATA,No DATA,1440
6290855005,"2016-05-09",NO DATA,NO DATA,No DATA,1064
6290855005,"2016-05-10",NO DATA,NO DATA,No DATA,1440
6775888955,"2016-04-12",NO DATA,NO DATA,No DATA,1440
6775888955,"2016-04-13","235","260","25",1173
6775888955,"2016-04-14","423","441","18",1006
6775888955,"2016-04-15","391","406","15",1034
6775888955,"2016-04-16",NO DATA,NO DATA,No DATA,1440
6775888955,"2016-04-17",NO DATA,NO DATA,No DATA,1440
6775888955,"2016-04-18",NO DATA,NO DATA,No DATA,1440
6775888955,"2016-04-19",NO DATA,NO DATA,No DATA,1440
6775888955,"2016-04-20",NO DATA,NO DATA,No DATA,1440
6775888955,"2016-04-21",NO DATA,NO DATA,No DATA,1440
6775888955,"2016-04-22",NO DATA,NO DATA,No DATA,1440
6775888955,"2016-04-23",NO DATA,NO DATA,No DATA,1440
6775888955,"2016-04-24",NO DATA,NO DATA,No DATA,1440
6775888955,"2016-04-25",NO DATA,NO DATA,No DATA,1440
6775888955,"2016-04-26",NO DATA,NO DATA,No DATA,1440
6775888955,"2016-04-27",NO DATA,NO DATA,No DATA,1440
6775888955,"2016-04-28",NO DATA,NO DATA,No DATA,1440
6775888955,"2016-04-29",NO DATA,NO DATA,No DATA,1440
6775888955,"2016-04-30",NO DATA,NO DATA,No DATA,1440
6775888955,"2016-05-01",NO DATA,NO DATA,No DATA,1440
6775888955,"2016-05-02",NO DATA,NO DATA,No DATA,1440
6775888955,"2016-05-03",NO DATA,NO DATA,No DATA,1440
6775888955,"2016-05-04",NO DATA,NO DATA,No DATA,1440
6775888955,"2016-05-05",NO DATA,NO DATA,No DATA,1440
6775888955,"2016-05-06",NO DATA,NO DATA,No DATA,1440
6775888955,"2016-05-07",NO DATA,NO DATA,No DATA,607
6962181067,"2016-04-12","366","387","21",1049
6962181067,"2016-04-13","630","679","49",722
6962181067,"2016-04-14","508","535","27",948
6962181067,"2016-04-15","370","386","16",1054
6962181067,"2016-04-16","357","366","9",1074
6962181067,"2016-04-17","427","446","19",947
6962181067,"2016-04-18","442","458","16",982
6962181067,"2016-04-19","476","535","59",930
6962181067,"2016-04-20","418","424","6",988
6962181067,"2016-04-21","451","457","6",1002
6962181067,"2016-04-22","425","435","10",962
6962181067,"2016-04-23","528","546","18",930
6962181067,"2016-04-24","511","514","3",919
6962181067,"2016-04-25","400","415","15",985
6962181067,"2016-04-26","441","446","5",977
6962181067,"2016-04-27","455","467","12",1021
6962181067,"2016-04-28","440","453","13",955
6962181067,"2016-04-29","433","447","14",1041
6962181067,"2016-04-30","422","424","2",1016
6962181067,"2016-05-01","411","426","15",937
6962181067,"2016-05-02","466","482","16",1025
6962181067,"2016-05-03","394","418","24",978
6962181067,"2016-05-04","442","455","13",1018
6962181067,"2016-05-05","467","491","24",932
6962181067,"2016-05-06","443","462","19",1016
6962181067,"2016-05-07","298","334","36",1073
6962181067,"2016-05-08","541","569","28",874
6962181067,"2016-05-09","489","497","8",902
6962181067,"2016-05-10","469","481","12",997
6962181067,"2016-05-11","452","480","28",939
6962181067,"2016-05-12","516","535","19",240
7007744171,"2016-04-12",NO DATA,NO DATA,No DATA,1440
7007744171,"2016-04-13",NO DATA,NO DATA,No DATA,1440
7007744171,"2016-04-14",NO DATA,NO DATA,No DATA,1440
7007744171,"2016-04-15",NO DATA,NO DATA,No DATA,1440
7007744171,"2016-04-16","79","82","3",1358
7007744171,"2016-04-17",NO DATA,NO DATA,No DATA,1440
7007744171,"2016-04-18",NO DATA,NO DATA,No DATA,1440
7007744171,"2016-04-19",NO DATA,NO DATA,No DATA,1440
7007744171,"2016-04-20",NO DATA,NO DATA,No DATA,1440
7007744171,"2016-04-21",NO DATA,NO DATA,No DATA,1440
7007744171,"2016-04-22",NO DATA,NO DATA,No DATA,1440
7007744171,"2016-04-23",NO DATA,NO DATA,No DATA,1440
7007744171,"2016-04-24",NO DATA,NO DATA,No DATA,1440
7007744171,"2016-04-25",NO DATA,NO DATA,No DATA,1440
7007744171,"2016-04-26",NO DATA,NO DATA,No DATA,1440
7007744171,"2016-04-27",NO DATA,NO DATA,No DATA,1440
7007744171,"2016-04-28",NO DATA,NO DATA,No DATA,1440
7007744171,"2016-04-29",NO DATA,NO DATA,No DATA,1440
7007744171,"2016-04-30",NO DATA,NO DATA,No DATA,1440
7007744171,"2016-05-01","58","61","3",1379
7007744171,"2016-05-02",NO DATA,NO DATA,No DATA,1440
7007744171,"2016-05-03",NO DATA,NO DATA,No DATA,1440
7007744171,"2016-05-04",NO DATA,NO DATA,No DATA,1440
7007744171,"2016-05-05",NO DATA,NO DATA,No DATA,1440
7007744171,"2016-05-06",NO DATA,NO DATA,No DATA,1440
7007744171,"2016-05-07",NO DATA,NO DATA,No DATA,111
7086361926,"2016-04-12","514","525","11",963
7086361926,"2016-04-13","451","465","14",956
7086361926,"2016-04-14","472","476","4",1043
7086361926,"2016-04-15","377","386","9",1054
7086361926,"2016-04-16",NO DATA,NO DATA,No DATA,1440
7086361926,"2016-04-17",NO DATA,NO DATA,No DATA,1440
7086361926,"2016-04-18",NO DATA,NO DATA,No DATA,1362
7086361926,"2016-04-19","472","483","11",931
7086361926,"2016-04-20","492","502","10",1042
7086361926,"2016-04-21","390","411","21",989
7086361926,"2016-04-22","428","448","20",1032
7086361926,"2016-04-23",NO DATA,NO DATA,No DATA,1440
7086361926,"2016-04-24","681","704","23",691
7086361926,"2016-04-25","446","447","1",943
7086361926,"2016-04-26","485","500","15",961
7086361926,"2016-04-27","469","479","10",1035
7086361926,"2016-04-28","354","367","13",1073
7086361926,"2016-04-29",NO DATA,NO DATA,No DATA,1440
7086361926,"2016-04-30","485","489","4",951
7086361926,"2016-05-01","388","407","19",988
7086361926,"2016-05-02","440","459","19",968
7086361926,"2016-05-03","456","461","5",1006
7086361926,"2016-05-04","420","436","16",1035
7086361926,"2016-05-05",NO DATA,NO DATA,No DATA,1440
7086361926,"2016-05-06","322","333","11",1107
7086361926,"2016-05-07","530","548","18",892
7086361926,"2016-05-08","481","510","29",901
7086361926,"2016-05-09","427","438","11",1031
7086361926,"2016-05-10",NO DATA,NO DATA,No DATA,1383
7086361926,"2016-05-11","451","463","12",982
7086361926,"2016-05-12","444","457","13",410
8053475328,"2016-04-12",NO DATA,NO DATA,No DATA,1440
8053475328,"2016-04-13",NO DATA,NO DATA,No DATA,1440
8053475328,"2016-04-14",NO DATA,NO DATA,No DATA,1440
8053475328,"2016-04-15",NO DATA,NO DATA,No DATA,1440
8053475328,"2016-04-16",NO DATA,NO DATA,No DATA,1440
8053475328,"2016-04-17",NO DATA,NO DATA,No DATA,1440
8053475328,"2016-04-18",NO DATA,NO DATA,No DATA,1440
8053475328,"2016-04-19",NO DATA,NO DATA,No DATA,1440
8053475328,"2016-04-20","486","493","7",947
8053475328,"2016-04-21",NO DATA,NO DATA,No DATA,1440
8053475328,"2016-04-22",NO DATA,NO DATA,No DATA,1440
8053475328,"2016-04-23","331","337","6",1103
8053475328,"2016-04-24",NO DATA,NO DATA,No DATA,1440
8053475328,"2016-04-25",NO DATA,NO DATA,No DATA,1440
8053475328,"2016-04-26",NO DATA,NO DATA,No DATA,1440
8053475328,"2016-04-27",NO DATA,NO DATA,No DATA,1440
8053475328,"2016-04-28",NO DATA,NO DATA,No DATA,1440
8053475328,"2016-04-29",NO DATA,NO DATA,No DATA,1440
8053475328,"2016-04-30",NO DATA,NO DATA,No DATA,1440
8053475328,"2016-05-01",NO DATA,NO DATA,No DATA,1440
8053475328,"2016-05-02",NO DATA,NO DATA,No DATA,1440
8053475328,"2016-05-03",NO DATA,NO DATA,No DATA,1440
8053475328,"2016-05-04",NO DATA,NO DATA,No DATA,1440
8053475328,"2016-05-05",NO DATA,NO DATA,No DATA,1440
8053475328,"2016-05-06",NO DATA,NO DATA,No DATA,1440
8053475328,"2016-05-07","74","75","1",1365
8053475328,"2016-05-08",NO DATA,NO DATA,No DATA,1440
8053475328,"2016-05-09",NO DATA,NO DATA,No DATA,1440
8053475328,"2016-05-10",NO DATA,NO DATA,No DATA,1440
8053475328,"2016-05-11",NO DATA,NO DATA,No DATA,1440
8053475328,"2016-05-12",NO DATA,NO DATA,No DATA,910
8253242879,"2016-04-12",NO DATA,NO DATA,No DATA,1440
8253242879,"2016-04-13",NO DATA,NO DATA,No DATA,1440
8253242879,"2016-04-14",NO DATA,NO DATA,No DATA,1440
8253242879,"2016-04-15",NO DATA,NO DATA,No DATA,1440
8253242879,"2016-04-16",NO DATA,NO DATA,No DATA,1440
8253242879,"2016-04-17",NO DATA,NO DATA,No DATA,1440
8253242879,"2016-04-18",NO DATA,NO DATA,No DATA,1440
8253242879,"2016-04-19",NO DATA,NO DATA,No DATA,1440
8253242879,"2016-04-20",NO DATA,NO DATA,No DATA,1440
8253242879,"2016-04-21",NO DATA,NO DATA,No DATA,1440
8253242879,"2016-04-22",NO DATA,NO DATA,No DATA,1440
8253242879,"2016-04-23",NO DATA,NO DATA,No DATA,1440
8253242879,"2016-04-24",NO DATA,NO DATA,No DATA,1440
8253242879,"2016-04-25",NO DATA,NO DATA,No DATA,1440
8253242879,"2016-04-26",NO DATA,NO DATA,No DATA,1440
8253242879,"2016-04-27",NO DATA,NO DATA,No DATA,1440
8253242879,"2016-04-28",NO DATA,NO DATA,No DATA,1440
8253242879,"2016-04-29",NO DATA,NO DATA,No DATA,1423
8253242879,"2016-04-30",NO DATA,NO DATA,No DATA,1440
8378563200,"2016-04-12","338","356","18",959
8378563200,"2016-04-13","447","487","40",979
8378563200,"2016-04-14","424","455","31",1017
8378563200,"2016-04-15","513","533","20",1002
8378563200,"2016-04-16","611","689","78",790
8378563200,"2016-04-17","525","591","66",692
8378563200,"2016-04-18","398","451","53",1021
8378563200,"2016-04-19","387","421","34",1030
8378563200,"2016-04-20","381","409","28",1022
8378563200,"2016-04-21","396","417","21",975
8378563200,"2016-04-22","441","469","28",1053
8378563200,"2016-04-23","565","591","26",905
8378563200,"2016-04-24","458","492","34",869
8378563200,"2016-04-25","388","402","14",966
8378563200,"2016-04-25","388","402","14",966
8378563200,"2016-04-26","550","584","34",862
8378563200,"2016-04-27","531","600","69",876
8378563200,"2016-04-28","506","556","50",871
8378563200,"2016-04-29","527","562","35",949
8378563200,"2016-04-30","468","555","87",901
8378563200,"2016-05-01","475","539","64",877
8378563200,"2016-05-02","351","385","34",1011
8378563200,"2016-05-03","405","429","24",1108
8378563200,"2016-05-04","441","477","36",876
8378563200,"2016-05-05","381","417","36",1047
8378563200,"2016-05-06","323","355","32",1076
8378563200,"2016-05-07","459","513","54",1009
8378563200,"2016-05-08","545","606","61",760
8378563200,"2016-05-09","359","399","40",1027
8378563200,"2016-05-10","342","391","49",1068
8378563200,"2016-05-11","368","387","19",1029
8378563200,"2016-05-12","496","546","50",549
8583815059,"2016-04-12",NO DATA,NO DATA,No DATA,1440
8583815059,"2016-04-13",NO DATA,NO DATA,No DATA,1440
8583815059,"2016-04-14",NO DATA,NO DATA,No DATA,1440
8583815059,"2016-04-15",NO DATA,NO DATA,No DATA,1440
8583815059,"2016-04-16",NO DATA,NO DATA,No DATA,1440
8583815059,"2016-04-17",NO DATA,NO DATA,No DATA,1440
8583815059,"2016-04-18",NO DATA,NO DATA,No DATA,1440
8583815059,"2016-04-19",NO DATA,NO DATA,No DATA,1440
8583815059,"2016-04-20",NO DATA,NO DATA,No DATA,1440
8583815059,"2016-04-21",NO DATA,NO DATA,No DATA,1440
8583815059,"2016-04-22",NO DATA,NO DATA,No DATA,1440
8583815059,"2016-04-23",NO DATA,NO DATA,No DATA,1440
8583815059,"2016-04-24",NO DATA,NO DATA,No DATA,1440
8583815059,"2016-04-25",NO DATA,NO DATA,No DATA,1440
8583815059,"2016-04-26",NO DATA,NO DATA,No DATA,1440
8583815059,"2016-04-27",NO DATA,NO DATA,No DATA,1440
8583815059,"2016-04-28",NO DATA,NO DATA,No DATA,1440
8583815059,"2016-04-29",NO DATA,NO DATA,No DATA,1440
8583815059,"2016-04-30",NO DATA,NO DATA,No DATA,1440
8583815059,"2016-05-01",NO DATA,NO DATA,No DATA,1440
8583815059,"2016-05-02",NO DATA,NO DATA,No DATA,1440
8583815059,"2016-05-03",NO DATA,NO DATA,No DATA,1440
8583815059,"2016-05-04",NO DATA,NO DATA,No DATA,1440
8583815059,"2016-05-05",NO DATA,NO DATA,No DATA,1440
8583815059,"2016-05-06",NO DATA,NO DATA,No DATA,1440
8583815059,"2016-05-07",NO DATA,NO DATA,No DATA,1440
8583815059,"2016-05-08",NO DATA,NO DATA,No DATA,1440
8583815059,"2016-05-09",NO DATA,NO DATA,No DATA,1440
8583815059,"2016-05-10",NO DATA,NO DATA,No DATA,1440
8583815059,"2016-05-11",NO DATA,NO DATA,No DATA,1359
8583815059,"2016-05-12",NO DATA,NO DATA,No DATA,1440
8792009665,"2016-04-12","458","493","35",947
8792009665,"2016-04-13","531","552","21",888
8792009665,"2016-04-14","486","503","17",937
8792009665,"2016-04-15","363","377","14",1063
8792009665,"2016-04-16",NO DATA,NO DATA,No DATA,1440
8792009665,"2016-04-17",NO DATA,NO DATA,No DATA,1440
8792009665,"2016-04-18",NO DATA,NO DATA,No DATA,1440
8792009665,"2016-04-19",NO DATA,NO DATA,No DATA,1440
8792009665,"2016-04-20","528","547","19",893
8792009665,"2016-04-21",NO DATA,NO DATA,No DATA,1440
8792009665,"2016-04-22","391","407","16",1033
8792009665,"2016-04-23","339","360","21",1080
8792009665,"2016-04-24",NO DATA,NO DATA,No DATA,1440
8792009665,"2016-04-25",NO DATA,NO DATA,No DATA,1440
8792009665,"2016-04-26",NO DATA,NO DATA,No DATA,1440
8792009665,"2016-04-27","423","428","5",1012
8792009665,"2016-04-28","402","416","14",1024
8792009665,"2016-04-29","398","406","8",1034
8792009665,"2016-04-30","343","360","17",1080
8792009665,"2016-05-01","503","527","24",913
8792009665,"2016-05-02","415","423","8",1017
8792009665,"2016-05-03","516","545","29",895
8792009665,"2016-05-04","439","463","24",977
8792009665,"2016-05-05",NO DATA,NO DATA,No DATA,1440
8792009665,"2016-05-06",NO DATA,NO DATA,No DATA,1440
8792009665,"2016-05-07",NO DATA,NO DATA,No DATA,1440
8792009665,"2016-05-08",NO DATA,NO DATA,No DATA,1440
8792009665,"2016-05-09",NO DATA,NO DATA,No DATA,1440
8792009665,"2016-05-10",NO DATA,NO DATA,No DATA,48
8877689391,"2016-04-12",NO DATA,NO DATA,No DATA,1440
8877689391,"2016-04-13",NO DATA,NO DATA,No DATA,1440
8877689391,"2016-04-14",NO DATA,NO DATA,No DATA,1440
8877689391,"2016-04-15",NO DATA,NO DATA,No DATA,1440
8877689391,"2016-04-16",NO DATA,NO DATA,No DATA,1440
8877689391,"2016-04-17",NO DATA,NO DATA,No DATA,1440
8877689391,"2016-04-18",NO DATA,NO DATA,No DATA,1440
8877689391,"2016-04-19",NO DATA,NO DATA,No DATA,1440
8877689391,"2016-04-20",NO DATA,NO DATA,No DATA,1440
8877689391,"2016-04-21",NO DATA,NO DATA,No DATA,1440
8877689391,"2016-04-22",NO DATA,NO DATA,No DATA,1440
8877689391,"2016-04-23",NO DATA,NO DATA,No DATA,1440
8877689391,"2016-04-24",NO DATA,NO DATA,No DATA,1440
8877689391,"2016-04-25",NO DATA,NO DATA,No DATA,1440
8877689391,"2016-04-26",NO DATA,NO DATA,No DATA,1440
8877689391,"2016-04-27",NO DATA,NO DATA,No DATA,1440
8877689391,"2016-04-28",NO DATA,NO DATA,No DATA,1440
8877689391,"2016-04-29",NO DATA,NO DATA,No DATA,1440
8877689391,"2016-04-30",NO DATA,NO DATA,No DATA,1440
8877689391,"2016-05-01",NO DATA,NO DATA,No DATA,1440
8877689391,"2016-05-02",NO DATA,NO DATA,No DATA,1440
8877689391,"2016-05-03",NO DATA,NO DATA,No DATA,1440
8877689391,"2016-05-04",NO DATA,NO DATA,No DATA,1440
8877689391,"2016-05-05",NO DATA,NO DATA,No DATA,1440
8877689391,"2016-05-06",NO DATA,NO DATA,No DATA,1440
8877689391,"2016-05-07",NO DATA,NO DATA,No DATA,1440
8877689391,"2016-05-08",NO DATA,NO DATA,No DATA,1440
8877689391,"2016-05-09",NO DATA,NO DATA,No DATA,1440
8877689391,"2016-05-10",NO DATA,NO DATA,No DATA,1440
8877689391,"2016-05-11",NO DATA,NO DATA,No DATA,1440
8877689391,"2016-05-12",NO DATA,NO DATA,No DATA,931
